<?xml version="1.0" encoding="UTF-8"?>
<project-private xmlns="http://www.netbeans.org/ns/project-private/1">
    <editor-bookmarks xmlns="http://www.netbeans.org/ns/editor-bookmarks/2" lastBookmarkId="0"/>
    <open-files xmlns="http://www.netbeans.org/ns/projectui-open-files/2">
        <group>
            <file>file:/home/cps-student-7/Documents/cps_lab_hw/lab_04/Lab04_Wave.X/nbproject/Makefile-impl.mk</file>
            <file>file:/home/cps-student-7/Documents/cps_lab_hw/lab_04/Lab04_Wave.X/src/led.c</file>
            <file>file:/home/cps-student-7/Documents/cps_lab_hw/lab_04/Lab04_Wave.X/src/lab04.c</file>
            <file>file:/home/cps-student-7/Documents/cps_lab_hw/lab_04/Lab04_Wave.X/src/dac.c</file>
            <file>file:/home/cps-student-7/Documents/cps_lab_hw/lab_04/Lab04_Wave.X/nbproject/Makefile-default.mk</file>
            <file>file:/home/cps-student-7/Documents/cps_lab_hw/lab_04/Lab04_Wave.X/src/main.c</file>
        </group>
    </open-files>
</project-private>
